{
  "prediction_smoothing": 0.17490997800214633,
  "recency_blend": 0.12261422008880342,
  "regime_temp_0": 1.4313387004827867,
  "regime_temp_1": 1.8748485399823573,
  "regime_temp_2": 2.8528774132901065
}